VTR⑤夏焼雅・鈴木愛理・宮本佳林・小片リサ・Bitter ＆ Sweet「超WONDERFUL!」M-line Special(Zepp Tokyo),TGM_3FKpkjk,1745,332
VTR⑤鈴木愛理・宮本佳林・小片リサ・加賀楓・川村文乃「Va-Va-Voom」 M-line Special 2021〜Make a Wish!〜【11/20 中野サンプラザ】 ,KcTqi-UCkXs,1514,220
VTR①宮本佳林・小片リサ・Bitter & Sweet「This is 運命」 M-line Special 2021〜Make a Wish!〜【12/11 Zepp Tokyo】 ,KcTqi-UCkXs,131,233
VTR④ミニコーナー Play Back M-line Music 宮本佳林「TOKYOグライダー」 M-line Special 2021〜Make a Wish!〜【12/4 広島国際会議場フェニックスホール】 ,KcTqi-UCkXs,1443,71
VTR③ミニコーナー Play Back M-line Music 長谷川萌美「悲しきヘブン」 M-line Special 2021〜Make a Wish!〜【12/18 仙台GIGS（宮城）】 ,dCBeCwWNFeo,769,75
VTR①夏焼雅・鈴木愛理・宮本佳林「泣き虫少年」 M-line Special 2021〜Make a Wish!〜【12/11 Zepp Tokyo】 ,dCBeCwWNFeo,40,248
VTR① 夏焼雅・鈴木愛理・小片リサ「ロッタラ ロッタラ」M-line Special 2021〜Make a Wish!〜（Zepp Tokyo） ,mGA_w3pajw8,144,234
VTR①夏焼雅・鈴木愛理「ホントのじぶん」 M-line Special 2021〜Make a Wish!〜（Zepp Tokyo） ,UiyIyCzFlq8,87,248
VTR⑤夏焼雅・鈴木愛理・宮本佳林・小片リサ・Bitter ＆ Sweet「ハッピークラッカー」M-line Special 2021〜Make a Wish!〜（Zepp Tokyo） ,tvglrBFOXT4,1605,215
VTR①夏焼雅「愛のバカやろう」M-line Special 2021〜Make a Wish!〜（Zepp Tokyo） ,tvglrBFOXT4,212,285
VTR④鈴木愛理・宮本佳林・小片リサ・川村文乃「キャンパスライフ～生まれて来てよかった～」 M-line Special 2021 〜Make a Wish!〜（11/20 中野サンプラザ） ,eKVQvIM6W4E,985,222
VTR④高橋愛・田中れいな・夏焼雅「M-line Special 2022 ～My Wish～」ツアー日記 ,oQMhhQB2SRM,1178,88
VTR②Bitter & Sweet「メロディーズ」 M-line Special 2021 〜Make a Wish!〜（12/11 Zepp Tokyo） ,oQMhhQB2SRM,550,266
VTR⑤夏焼雅・鈴木愛理・宮本佳林・小片リサ「胸さわぎスカーレット」 M-line Special 2021～Make a Wish!～ 12/11 Zepp Tokyo ,JQdgkF_tFuY,1253,177
VTR②田中れいな・夏焼雅・宮本佳林・小片リサ「ひとりで生きられそう」って それってねえ、褒めているの？ M-line Special 2022 ～My Wish～ 2/23めぐろパーシモンホール ,JQdgkF_tFuY,391,214
VTR⑤夏焼雅・小片リサ「愛には 愛でしょ」 M-line Special 2022～My Wish!～ 2/23 めぐろパーシモンホール ,0rYG-IoI9wE,1111,275
VTR⑤ 田中れいな・夏焼雅・宮本佳林・小片リサ「春恋歌」 M-line Special 2022～My Wish!～ 2/23 めぐろパーシモンホール,WlIBruzMF3c,1289,465
VTR② 高橋愛・田中れいな・夏焼雅「愛のドンデン返し」 M-line Special 2022～My Wish!～ 2/23 めぐろパーシモンホール ,WlIBruzMF3c,324,368
VTR⑤ 田中れいな・夏焼雅・宮本佳林・小片リサ「踊れ！モーニングカレー」 M-line Special 2022～My Wish!～ 2/23 めぐろパーシモンホール ,HQaLQ2w356o,1418,235
VTR③ 田中れいな「大器晩成」 M-line Special 2022～My Wish!～ 2/23 めぐろパーシモンホール ,4QlCI0v7zdE,972,266
VTR① 高橋愛・田中れいな・夏焼雅・宮本佳林・小片リサ 「さよなら SEE YOU AGAIN アディオス BYE BYE チャッチャ！」 M-line Special 2022～My Wish!～ 2/23 めぐろパーシモンホール ,YFrh5mHSSCI,191,242
VTR② 小片リサ・田﨑あさひ「Miss ラブ探偵」 M-line Special 2022 ～My Wish～（八王子市芸術文化会館 いちょうホール） ,L8Gr0vbkS2Y,362,200
VTR① 夏焼雅・Bitter ＆ Sweet「そっと口づけて ギュッと抱きしめて」 M-line Special 2022 ～My Wish～（八王子市芸術文化会館 いちょうホール） ,8lnL80gPoCI,121,229
VTR⑤ 田中れいな・夏焼雅・小片リサ「トウキョウ・コンフュージョン」 M-line Special 2022 ～My Wish～（めぐろパーシモンホール） ,8lnL80gPoCI,1378,228
VTR② 夏焼雅「女子会 The Night」 M-line Special 2022 ～My Wish～（めぐろパーシモンホール） ,0gfiP-pwxo0,362,256
VTR⑤ 田中れいな・夏焼雅・小片リサ・羽賀朱音「Ambitious!野心的でいいじゃん 」 M-line Special 2022 ～My Wish～（めぐろパーシモンホール） ,0gfiP-pwxo0,1483,257
VTR⑤ 夏焼雅・小片リサ・Bitter & Sweet「笑顔に涙～THANK YOU! DEAR MY FRIENDS～」M-line Special 2022 ～My Wish～（八王子市芸術文化会館 いちょうホール） ,z0zG2Py05lg,1149,293
VTR② 田中れいな・小片リサ「What is LOVE?」 M-line Special 2022 ～My Wish～（めぐろパーシモンホール） ,z0zG2Py05lg,281,192
VTR⑤ 田中れいな・小田さくら「ナルシス カマってちゃん協奏曲第5番」 M-line Special 2022 ～My Wish～（4/29 めぐろパーシモンホール）） ,N4g2iWwMBY0,1565,261
VTR① 夏焼雅・小片リサ・Bitter & Sweet「かわいい彼」 M-line Special 2022 ～My Wish～（八王子市芸術文化会館 いちょうホール） ,14RRXEjiBxg,165,250
VTR⑤ 田中れいな・夏焼雅・小片リサ・小田さくら・羽賀朱音「ドッカ～ン カプリッチオ」M-line Special 2022 ～My Wish～（めぐろパーシモンホール） ,14RRXEjiBxg,1572,196
VTR① 夏焼雅・宮本佳林・小片リサ・Bitter & Sweet「泣いて 泣いて 恋してる」 M-line Special 2022 ～My Wish～（戸田市文化会館） ,sVeS_aWt8_k,115,235
VTR① 夏焼雅・小片リサ・井上玲音「ファクトリースッぺシャルメドレー」 M-line Special 2022 ～My Wish～（戸田市文化会館） ,jPrEIcnbSh0,207,291
VTR② 夏焼雅・小片リサ・羽賀朱音「ブギートレイン'03」 M-line Special 2022 ～My Wish～（めぐろパーシモンホール） ,SVRK_cOqgIM,781,263
VTR⑤ 夏焼雅・宮本佳林・小片リサ・Bitter & Sweet・段原瑠々・井上玲音 「私が言う前に抱きしめなきゃね」 M-line Special 2022 ～My Wish～（戸田市文化会館） ,SVRK_cOqgIM,1649,238
VTR② Bitter & Sweet・段原瑠々「君だけじゃないさ...friends(2018アコースティックVer.)」 M-line Special 2022 ～My Wish～（戸田市文化会館） ,q5tRVzxanOI,621,228
VTR⑤ 宮本佳林・段原瑠々「がんばれないよ」 M-line Special 2022 ～My Wish～（戸田市文化会館） ,RSDQC3umiW8,1843,293
VTR③ 田中れいな・夏焼雅・小片リサ・小田さくら「バカにしないで」 M-line Special 2022 ～My Wish～ ,6qvSgSgKvFc,924,302
VTR① 宮本佳林・段原瑠々・井上玲音「Future Smile」M-line Special 2022 ～My Wish～ ,ylw8j8bDudQ,111,192
VTR① 夏焼・宮本・小片・Bitter & Sweet「すっちゃかめっちゃか～」 M-line Special 2022 〜My Wish!〜（6/4 戸田市文化会館） ,vmdeIgPZHiU,29,220
VTR①夏焼・小片・Bitter & Sweet・佐藤優樹・西田・前田「ビートの惑星」 M-line Special 2022 ～My Wish～ 【8/14 タワーホール船堀 大ホール】 ,V9xqf1y4UgI,127,223
VTR③夏焼雅・小片リサ・Bitter & Sweet「夏わかめ」 M-line Special 2022 ～My Wish～ 【8/14 タワーホール船堀 大ホール】 ,40HPuMPjB1I,904,230
VTR①夏焼雅・小片リサ・Bitter & Sweet・西田汐里・前田こころ「夏 LOVEロマンス」 M-line Special 2022 ～My Wish～ 【8/14 タワーホール船堀 大ホール】 ,40HPuMPjB1I,147,226
VTR① 夏焼・小片・Bitter & Sweet・西田・前田「ニッポンノD・N・A!」 M-line Special 2022 ～My Wish～ 8/14 タワーホール船堀 大ホール ,yR-TtF1GRX8,158,250
VTR③ 夏焼・小片・Bitter & Sweet「今夜だけ浮かれたかった」 M-line Special 2022 ～My Wish～ 8/14 タワーホール船堀 大ホール ,yR-TtF1GRX8,789,233
VTR④ Bitter & Sweet・西田汐里・前田こころ「高輪ゲートウェイ駅ができる頃には」 M-line Special 2022 ～My Wish～ 8/14 タワーホール船堀 大ホール ,3SJgvwkJ1p4,911,279
VTR① 夏焼雅・小片リサ・Bitter & Sweet「スッペシャル ジェネレ～ション」 M-line Special 2022 ～My Wish 8/14 タワーホール船堀 大ホール (東京) ,o5Vk47KUhlk,228,247
VTR③ 夏焼雅・小片リサ・西田汐里・前田こころ「青春バスガイド」 M-line Special 2022 ～My Wish 8/14 タワーホール船堀 大ホール(東京) ,QNsbQulWZxU,1197,210
VTR① 佐藤優樹・宮本佳林「ほたる祭りの日」 M-line Special 2022 ～My Wish 9/25 戸田市文化会館 (埼玉) ,QNsbQulWZxU,208,267
VTR④宮本佳林・小片リサ「アドレナリン・ダメ」 M-line Special 2022 ～My Wish～（9/25 戸田市文化会館） ,GuwSjZQLdMI,1125,220
VTR① 宮本佳林・小片リサ・Bitter & Sweet「シルバーの腕時計」 M-line Special 2022 ～My Wish～（9/25 戸田市文化会館） ,WOAHynr0fOU,160,346
VTR① 夏焼雅・宮本佳林・小片リサ・Bitter & Sweet・佐藤優樹 「ドッカ～ン カプリッチオ」 M-line Special 2022 ～My Wish～（9/25 戸田市文化会館） ,nBSygUgPCto,158,186
VTR①宮本佳林・小片リサ・小関舞・佐藤優樹「初恋サイダー」 M-line Special 2022 ～My Wish～（10/16 横浜ランドマークホール） ,BW_zp62yBA0,158,210
VTR① 小片リサ・Bitter ＆ Sweet・河西結心・八木栞 「ENDLESS LOVE〜I Love You More〜」 M-line Special 2022 ～My Wish～（10/16 横浜ランドマークホール） ,_vsdTWua8h0,195,306
VTR③ 夏焼雅・宮本佳林・小片リサ「Tell me why」 M-line Special 2022 ～My Wish!～ （9/25 戸田市文化会館） ,_vsdTWua8h0,1160,222
VTR① 夏焼雅・宮本佳林・小片リサ・Bitter & Sweet・佐藤優樹「友達は友達なんだ！」 M-line Special 2022 ～My Wish～（9/25 戸田市文化会館） ,MqVggYyEDpc,193,232
VTR④ 宮本佳林・小片リサ・小関舞「浮気なハニーパイ」 M-line Special 2022 ～My Wish!～ （10/16 横浜ランドマークホール） ,MqVggYyEDpc,1602,224
VTR② 宮本佳林・小片リサ・小関舞「書いては消しての “I Love You”」 M-line Special 2022 ～My Wish～（10/16 横浜ランドマーク） ,YxOX5Q1NkWE,329,212
VTR① 宮本佳林・小片リサ「My Darling ～Do you love me?～」 M-line Special 2022 ～My Wish～（11/13 Zepp Haneda） ,32LEGgSAhHM,221,274
VTR④ 夏焼雅・宮本佳林・小片リサ・Bitter & Sweet「鳴り始めた恋のBELL」 M-line Special 2022 ～My Wish～（9/25 戸田市文化会館） ,xg8locr8d-k,1940,274
VTR① 夏焼雅「カタオモイ。」 M-line Special 2022 ～My Wish～（11/13 Zepp Haneda） ,xg8locr8d-k,240,214
VTR② 夏焼雅・宮本佳林・小片リサ・Bitter & Sweet「愛する人の名前を日記に」 M-line Special 2022 ～My Wish～（11/13 Zepp Haneda） ,RglVy-I4_6I,300,285
VTR② 宮本佳林・小片リサ・小関舞「もしも・・・」 M-line Special 2022 〜My Wish!〜（10/16 横浜ランドマークホール） ,aGPXcbgzBFQ,609,303
VTR② 宮本佳林・佐藤優樹「私が言う前に抱きしめなきゃね（MEMORIAL EDIT）」 M-line Special 2022 〜My Wish!〜（11/13 Zepp Haneda） ,E4jYcxSlJgM,838,251
VTR① 夏焼雅・宮本佳林・小片リサ・Bitter & Sweet・佐藤優樹「ブラボー！」 M-line Special 2022 〜My Wish!〜（11/13 Zepp Haneda） ,E4jYcxSlJgM,144,268
VTR④ 宮本佳林・小片リサ・小関舞・稲場愛香「禁断少女」 M-line Special 2022 ～My Wish～【2022.12.24 めぐろパーシモンホール】 ,tI78CMio-vs,1583,301
VTR③ 夏焼雅・宮本佳林・小片リサ・Bitter & Sweet「ハレルヤ」 M-line Special 2022 ～My Wish～【2022.11.13 Zepp Haneda】 ,qOf6y8CWlT8,1081,290
VTR① 宮本佳林・小片リサ・小関舞「白いTOKYO」 M-line Special ～My Wish～（2022.12.24 めぐろパーシモンホール ） ,QPu8gEwd9Dw,144,246
VTR① 宮本佳林・小関舞「ピーナッツバタージェリーラブ」 M-line Special 2022～My Wish～（10/16 横浜ランドマークホール） ,Hyzjywprdwo,188,265
VTR③ 宮本佳林・小片リサ・小関舞・稲場愛香「恋はマグネット」 M-line Special 2022～My Wish～ ,fOuJvADoPIM,554,265
VTR② 小関舞 / 宮本佳林・小片リサ「ロマンティック 浮かれモード」 M-line Special 2022～My Wish～ ,fOuJvADoPIM,98,265
VTR① 夏焼・小片「Do it now!」 M-line Special 2022～My Wish～（11/13 Zepp Haneda） ,NgAsR--Sq1A,181,264
VTR②宮本佳林・稲場愛香「微炭酸」 M-line Special 2023 ～Magical Wish～ ,dZpljq8vxSQ,268,275
VTR①稲場愛香「恋ING」 M-line Special 2022～My Wish～ ,HrxY93v3DPI,183,318
VTR① 夏焼雅・Bitter & Sweet「オンナ、哀しい、オトナ」 M-line Special 2023 ～Magical Wish～（3/21 横浜ランドマーク） ,aOu0vFEEJS4,209,296
VTR② 夏焼・宮本・小片・Bitter & Sweet「ロマンスの途中」 M-line Special 2023 ～Magical Wish～（3/21 横浜ランドマークホール） ,sRSK2LNcByo,163,298
VTR① 夏焼雅・宮本佳林・小片リサ・田﨑あさひ・長谷川萌美「マイラブ」 M-line Special 2023〜Magical Wish〜（3/21 横浜ランドマーク） ,odJfWR8XVao,210,220
VTR③ 宮本佳林・田﨑あさひ「蜃気楼ロマンス」 M-line Special 2023〜Magical Wish〜（3/21 横浜ランドマーク） ,odJfWR8XVao,1068,236
VTR② 夏焼雅・宮本佳林・小片リサ・Bitter & Sweet「負けるな わっしょい！」 M-line Special 2023〜Magical Wish〜（3/21 横浜ランドマーク） ,n0u7i0CjLXU,211,271
VTR② 夏焼雅・宮本佳林・小片リサ・Bitter & Sweet・岡村ほまれ・山﨑愛生 「彼と一緒にお店がしたい！」 M-line Special 2023〜Magical Wish〜（4/14 なかのZERO 大ホール） ,DjuR2MGaL_k,683,279
VTR① 夏焼雅・宮本佳林・小片リサ「愛の弾丸」 M-line Special 2023〜Magical Wish〜（3/21 横浜ランドマーク） ,DjuR2MGaL_k,216,274
VTR① 夏焼雅・宮本佳林・小片リサ・Bitter & Sweet 「パン屋さんのアルバイト」 M-line Special 2023〜Magical Wish〜（3/21 横浜ランドマーク） ,7yJvoU-6mgY,207,260
VTR③ 宮本佳林・小片リサ・山﨑愛生「タンタンターン！」 M-line Special 2023〜Magical Wish〜（4/14 なかのZEROホール） ,7yJvoU-6mgY,934,272
VTR② 夏焼雅・宮本佳林・小片リサ・Bitter & Sweet・山﨑愛生・岡村ほまれ 「ラヴ&ピィ〜ス！ HEROがやって来たっ。」 M-line Special 2023〜Magical Wish〜（4/14 なかのZEROホール） ,V9Slp5TRebk,707,220
VTR① 宮本佳林・Bitter & Sweet・工藤由愛・松永里愛「雨の中の口笛」 M-line Special 2023〜Magical Wish〜（4/28 めぐろパーシモンホール） ,V9Slp5TRebk,155,211
VTR③ 宮本佳林・小片リサ・小関舞・勝田里奈「有頂天LOVE」 M-line Special 2023〜Magical Wish〜（5/5 横浜ランドマークホール） ,mSAFP1loLnI,1032,257
VTR① 宮本佳林・小片リサ・小関舞「愛おしくってごめんね」 M-line Special 2023〜Magical Wish〜（5/5 横浜ランドマークホール） ,mSAFP1loLnI,160,245
VTR② 宮本佳林・小片リサ・小関舞・勝田里奈「スキちゃん」 M-line Special 2023〜Magical Wish〜（5/5 横浜ランドマークホール） ,aqgdX44Q6ao,613,204
VTR① 宮本佳林・小片リサ・小関舞「リズムが呼んでいるぞ！」 M-line Special 2023〜Magical Wish〜（5/5 横浜ランドマークホール） ,aqgdX44Q6ao,197,243
VTR③ 宮本佳林・小片リサ・Bitter & Sweet・工藤由愛・松永里愛「銀色のテレパシー」 M-line Special 2023〜Magical Wish〜（4/28 めぐろパーシモンホール） ,0KhNlhHzEuM,948,261
VTR① 夏焼雅・小片リサ・長谷川萌美・岡村ほまれ「男友達」 M-line Special 2023 ～Magical Wish～（4/14 なかのZERO 大ホール） ,PeJ8dQyLcDE,216,243
VTR② 宮本佳林・小片リサ・小関舞・勝田里奈「私、ちょいとカワイイ裏番長」 M-line Special 2023 ～Magical Wish～（5/5 横浜ランドマークホール） ,PeJ8dQyLcDE,598,252
VTR① 宮本佳林・小片リサ・小関舞・勝田里奈「もしも...」 M-line Special 2023 ～Magical Wish～（5/5 ） ,VdVyiDR3_QE,194,303
VTR② 夏焼雅・宮本佳林・長谷川萌美「さぁ！恋人になろう」 M-line Special 2023 ～Magical Wish～ ,Fb-tCRfIwBo,605,269
VTR③ 夏焼雅・宮本佳林・長谷川萌美・佐藤優樹・宮崎由加・島倉りか 「スッぺシャル ジェネレ〜ション」 M-line Special 2023 ～Magical Wish～（6/17 戸田市文化会館） ,ItLBufXK_ls,1238,259
VTR① 宮本佳林・宮崎由加「この世界は捨てたもんじゃない」 M-line Special 2023 ～Magical Wish～（6/17 戸田市文化会館） ,ItLBufXK_ls,176,261
VTR① 夏焼雅・宮本佳林・長谷川萌美・佐藤優樹・宮崎由加・島倉りか 「一丁目ロック！」 M-line Special 2023 ～Magical Wish～（6/17 戸田市文化会館） ,U9VEl1vAlgo,194,242
VTR③ 夏焼雅・宮本佳林・島倉りか 「BABY！ 恋に KNOCK OUT！」 M-line Special 2023 ～Magical Wish～（6/17 戸田市文化会館） ,U9VEl1vAlgo,1050,230
VTR② 夏焼雅・宮本佳林・小片リサ・小関舞・長谷川萌美 「SEXY BOY～そよ風に寄り添って～」 M-line Special 2023 ～Magical Wish～（7/6 めぐろパーシモンホール） ,F5fHQ7_-yyM,596,249
VTR③ 夏焼雅・宮本佳林・小片リサ・小関舞・長谷川萌美「大器晩成」 M-line Special 2023 ～Magical Wish～（7/6めぐろパーシモンホール 大ホール ） ,Io_eSr7j61A,1110,271
VTR① 夏焼雅・宮本佳林・小片リサ・小関舞・長谷川萌美「Danceでバコーン！」 M-line Special 2023 ～Magical Wish～（7/6 めぐろパーシモンホール） ,5Nue7Fv_AgE,194,235
VTR① 夏焼雅・宮本佳林・長谷川萌美「Yeah！めっちゃホリディ」 M-line Special 2023 ～Magical Wish～（6/17 戸田市文化会館） ,qr7Q2Zq7ixI,216,227
VTR② 小関舞「夏色のパレット」 M-line Special 2023 ～Magical Wish～（7/6めぐろパーシモンホール 大ホール ,qr7Q2Zq7ixI,740,263
VTR① 夏焼雅・宮本佳林・長谷川萌美・佐藤優樹「ガタメキラ」 M-line Special 2023 ～Magical Wish～（6/17 戸田市文化会館） ,-IGB_XYdbWQ,156,325
VTR① 宮本佳林・稲場愛香「Mon Amour」 M-line Special 2023 ～Magical Wish～（7/6 めぐろパーシモンホール） ,EPI9YjiqgNA,226,304
VTR① 宮本佳林・小片リサ・小関舞・Bitter & Sweet・稲場愛香・平井美葉「本気ボンバー！！」 M-line Special 2023 ～Magical Wish～（8.31 タワーホール船堀） ,dO1E74lkemM,257,199
VTR② 宮本佳林・小片リサ・小関舞・Bitter & Sweet「Rolling Days(B&S Edition)」 M-line Special 2023 ～Magical Wish～（8.31 タワーホール船堀） ,2JQfW2Yt4eo,741,232
VTR① 小関舞・長谷川萌美「ピーナッツバタージェリーラブ」 M-line Special 2023 ～Magical Wish～（8.31 タワーホール船堀） ,2JQfW2Yt4eo,185,268
VTR③ 宮本佳林・小片リサ・小関舞・Bitter & Sweet・稲場愛香・平井美葉「ニッポンノD・N・A！」 M-line Special 2023 ～Magical Wish～（8.31 タワーホール船堀） ,pERZZ1DeAl8,872,257
VTR① 宮本佳林・小片リサ・Bitter & Sweet・平井美葉「悲しきヘブン」 M-line Special 2023 ～Magical Wish～（8.31 タワーホール船堀） ,pERZZ1DeAl8,241,218
VTR② 宮本佳林「BAD」 M-line Special 2023 ～Magical Wish～（8.31 タワーホール船堀） ,MSBFAt5cnks,721,178
VTR① 宮本佳林・小片リサ・小関舞・Bitter & Sweet「今夜だけ浮かれたかった」 M-line Special 2023 ～Magical Wish～（8.31 タワーホール船堀） ,MSBFAt5cnks,306,228
VTR③ 竹内朱莉・宮本佳林・浅倉樹々「恋愛戦隊シツレンジャー」 M-line Special 2023 ～Magical Wish～（9.23 仙台GIGS） ,h-QDXjyqVh4,1386,219
VTR② 宮本佳林・小片リサ・小関舞・Bitter & Sweet「超WONDERFUL!」 M-line Special 2023 ～Magical Wish～（8.31 タワーホール船堀） ,HrSvNkdYYnQ,661,311
VTR③ 宮本佳林「Lonely Bus」 M-line Special 2023 ～Magical Wish～（9.23 仙台GIGS） ,SZhOuxwv8kg,1459,204
VTR① 竹内朱莉・浅倉樹々「すっちゃかめっちゃか～」 M-line Special 2023 ～Magical Wish～（9.23 仙台GIGS） ,SZhOuxwv8kg,245,221
VTR② 竹内朱莉・宮本佳林「Uraha=Lover」 M-line Special 2023 ～Magical Wish～（9.23 仙台GIGS） ,6njGwroq86Q,653,269
VTR② 夏焼雅・段原瑠々「消失点-Vanishing Point-」 M-line Special 2023 ～Magical Wish～（10.27 めぐろパーシモンホール） ,g8dcb9PIMAw,666,248
VTR① 夏焼雅・竹内朱莉・宮本佳林・稲場愛香・小関舞・段原瑠々「生まれたてのBaby Love」 M-line Special 2023 ～Magical Wish～（10.27 めぐろパーシモンホール） ,nRdTqAFHhCk,269,278
VTR③ 夏焼雅・稲場愛香・小関舞「Bravo☆Bravo」 M-line Special 2023 ～Magical Wish～（10.27 めぐろパーシモンホール） ,scacaAEA0WA,710,257
VTR① 宮本佳林・小関舞「恋をしちゃいました！」 M-line Special 2023 ～Magical Wish～（10.27 めぐろパーシモンホール） ,faeEy5maNVw,200,287
VTR③ 竹内朱莉「悔しいわ」 M-line Special 2023 ～Magical Wish～（10.27 めぐろパーシモンホール） ,8vb0mzVTWEs,1450,244
VTR① 浅倉樹々「スクランブル」 M-line Special 2023 ～Magical Wish～（9.23 仙台GIGS） ,8vb0mzVTWEs,160,309
VTR② 夏焼雅・竹内朱莉・宮本佳林・稲場愛香・小関舞・段原瑠々「友情 純情 oh 青春」 M-line Special 2023 ～Magical Wish～（10.27 めぐろパーシモンホール） ,8vb0mzVTWEs,645,221
VTR① 宮本佳林・浅倉樹々「恋のUFOキャッチャー」 M-line Special 2023 ～Magical Wish～（9.23 仙台GIGS） ,iPOAItAdSNo,149,233
VTR③ 佐藤優樹・石田亜佑美「私がいて 君がいる」 M-line Special 2023 ～Magical Wish～（12.5 なかのZERO 大ホール） ,iPOAItAdSNo,1316,242
VTR② 宮本佳林・稲場愛香・段原瑠々「LOVE LIKE CRAZY」 M-line Special 2023 ～Magical Wish～（10.27 めぐろパーシモンホール） ,hssWGXiFBDY,622,213
VTR① 宮本佳林・小片リサ「青春のセレナーデ」 M-line Special 2023 ～Magical Wish～（12.5 なかのZERO 大ホール） ,hssWGXiFBDY,184,271
VTR③ 宮本佳林「パラレルハート」 M-line Special 2023 ～Magical Wish～（12.5 なかのZERO 大ホール） ,v8ax7vZ3Qc8,1644,253
VTR② 夏焼雅・小関舞・小片リサ「ロッタラ ロッタラ」 M-line Special 2023 ～Magical Wish～（12.5 なかのZERO 大ホール） ,v8ax7vZ3Qc8,511,237
VTR① 夏焼雅・佐藤優樹・宮崎由加・宮本佳林・小関舞・小片リサ・石田亜佑美「インスピレーション！」 M-line Special 2023 ～Magical Wish～（12.5 なかのZERO 大ホール） ,v8ax7vZ3Qc8,136,260
VTR① 夏焼雅・宮本佳林・小関舞「MY BOY」 M-line Special 2023 ～Magical Wish～（12.5 なかのZERO 大ホール） ,VdqWrgrrdYc,216,251
VTR① 夏焼雅・宮崎由加・宮本佳林・小関舞・小片リサ「イジワルしないで 抱きしめてよ」 M-line Special 2023 ～Magical Wish～（12.5 なかのZERO 大ホール） ,W9kGuqorezA,170,245
VTR① 夏焼雅・宮崎由加・小関舞・小片リサ「表面張力～Surface Tension～」 M-line Special 2023 ～Magical Wish～（12.5 なかのZERO 大ホール） ,MeUJgeeFOOw,145,263
VTR③ 佐藤優樹・宮本佳林・石田亜佑美「今すぐ飛び込む勇気」 M-line Special 2023 ～Magical Wish～（12.5 なかのZERO 大ホール） ,IoF3qYSecSM,873,280
VTR① 竹内朱莉・稲場愛香「赤いイヤホン」 M-line Special 2023 ～Magical Wish～（10.27 めぐろパーシモンホール） ,IoF3qYSecSM,219,264
VTR② 小関舞・小片リサ「気ままな片想い」 M-line Special 2023 ～Magical Wish～（12.5 なかのZERO 大ホール） ,cfecJKr3EMM,598,312
VTR③ 夏焼雅・宮本佳林・稲場愛香・浅倉樹々「寒いね。」 M-line Special 2024 ～Many well wishes～（2.4 横浜Bay Hall） ,Zc7-o-E6_7E,839,291
VTR③ 宮崎由加・宮本佳林「KEEP ON 上昇志向！！」 M-line Special 2023 ～Magical Wish～（12.5 なかのZERO 大ホール） ,hDkrX2T-dYI,984,269
VTR① 夏焼雅・宮本佳林・浅倉樹々「泣き虫少年」 M-line Special 2024 ～Many well wishes～（2.4 横浜Bay Hall） ,hDkrX2T-dYI,177,251
VTR① 夏焼雅・佐藤優樹・宮本佳林・稲場愛香・浅倉樹々「笑顔YESヌード」 M-line Special 2024 ～Many well wishes～（2.4 横浜Bay Hall） ,XCXQ8NAvASY,241,248
VTR③ 小片リサ「虹を超える」 M-line Special 2024 ～Many well wishes～（2.17 新宿ReNY） ,T_GZW_myPSM,961,243
VTR① 稲場愛香・小関舞・小片リサ「ハルウララ」 M-line Special 2024 ～Many well wishes～（2.17 新宿ReNY） ,T_GZW_myPSM,193,275
VTR① 稲場愛香・小関舞・小片リサ「CHOICE & CHANCE」 M-line Special 2024 ～Many well wishes～（2.17 新宿ReNY） ,6tTp_3CWGns,282,261
VTR③ 宮本佳林「ソリスト・ダンス」 M-line Special 2024 ～Many well wishes～（2.4 横浜Bay Hall） ,40YU6dzsTF8,873,272
VTR① 宮本佳林・稲場愛香・浅倉樹々「禁断少女」 M-line Special 2024 ～Many well wishes～（2.4 横浜Bay Hall） ,40YU6dzsTF8,222,295
VTR① 宮本佳林・稲場愛香・浅倉樹々「アドレナリン・ダメ」 M-line Special 2024 ～Many well wishes～（2.4 横浜Bay Hall） ,33a1T3Mf2tA,195,216
VTR② 竹内朱莉「ロマンティック 浮かれモード」 M-line Special 2024 ～Many well wishes～（3.24 めぐろパーシモンホール） ,33a1T3Mf2tA,690,271
VTR① 稲場愛香・浅倉樹々「Fantasyが始まる」 M-line Special 2024 ～Many well wishes～（2.4 横浜Bay Hall） ,vcrPriJC9jk,199,225
VTR② 稲場愛香「記憶の迷路」 M-line Special 2024 ～Many well wishes～（3.24 めぐろパーシモンホール） ,vcrPriJC9jk,750,307
VTR③ 小関舞「世の中薔薇色」 M-line Special 2024 ～Many well wishes～（2.17 新宿ReNY） ,CmJt6wKKEYA,1012,237
VTR① 稲場愛香・小関舞・小片リサ「抱きしめられてみたい」 M-line Special 2024 ～Many well wishes～（2.17 新宿ReNY） ,CmJt6wKKEYA,189,269
VTR③ 竹内朱莉・宮本佳林・小片リサ「VERY BEAUTY」 M-line Special 2024 ～Many well wishes～（3.24 めぐろパーシモンホール） ,A2VQ-Saeo2Q,797,264
VTR① 竹内朱莉・宮本佳林・稲場愛香・小関舞・小片リサ「初恋サンライズ」 M-line Special 2024 ～Many well wishes～（3.24 めぐろパーシモンホール） ,60ZPECtPC8Y,139,241
VTR④ 宮本佳林・浅倉樹々「あすはデートなのに、今すぐ声が聞きたい」 M-line Special 2024 ～Many well wishes～（2.4 横浜Bay Hall） ,VHLUIsEOy_M,1543,274
VTR③ 稲場愛香・小片リサ「銀色のテレパシー」 M-line Special 2024 ～Many well wishes～（2.17 新宿ReNY） ,HiuMx6GS4VU,1558,266
VTR① 竹内朱莉・宮本佳林・稲場愛香「泣けないぜ・・・共感詐欺」 M-line Special 2024 ～Many well wishes～（3.24 めぐろパーシモンホール） ,HiuMx6GS4VU,187,252
VTR① 小関舞・小片リサ・長谷川萌美「シャイニング 愛しき貴方」 M-line Special 2024 ～Many well wishes～（5.17 新宿ReNY） ,LGna425ZREw,192,187
VTR② 小関舞・小片リサ「宇宙でLa Ta Ta」 M-line Special 2024 ～Many well wishes～（3.24 めぐろパーシモンホール） ,LGna425ZREw,726,273
VTR① 小片リサ「ムーンナイト・シークレット」 M-line Special 2024 ～Many well wishes～（5.17 新宿ReNY） ,yIM4iZMr8A0,199,237
VTR③ Bitter & Sweet「月蝕」 M-line Special 2024 ～Many well wishes～（5.17 新宿ReNY） ,yIM4iZMr8A0,789,305
VTR① 竹内朱莉・宮本佳林・稲場愛香・小関舞・小片リサ・森戸知沙希「浮気なハニーパイ」 M-line Special 2024 ～Many well wishes～（3.24 めぐろパーシモンホール） ,iHeOrsoLkzM,211,222
VTR② 小関舞「メインキャスト」 M-line Special 2024 ～Many well wishes～（5.26 横浜Bay Hall） ,iHeOrsoLkzM,780,253
VTR③ 小片リサ「紫陽花アイ愛物語」 M-line Special 2024 ～Many well wishes～（5.26 横浜Bay Hall） ,2unWR5jRGeA,1545,273
VTR① 小関舞・小片リサ・佐藤優樹・Bitter & Sweet「ラヴ＆ピィ～ス！HEROがやって来たっ。」 M-line Special 2024 ～Many well wishes～（5.17 新宿ReNY） ,2unWR5jRGeA,210,221
VTR② 竹内朱莉・小関舞「ミステリーナイト！」 M-line Special 2024 ～Many well wishes～（5.26 横浜Bay Hall） ,2unWR5jRGeA,799,264
VTR① 夏焼雅・竹内朱莉「横浜蜃気楼」 M-line Special 2024 ～Many well wishes～（5.26 横浜Bay Hall） ,aPCguQfPxY0,154,203
VTR④ 宮本佳林・稲場愛香「G.O.A.T.」 M-line Special 2024 ～Many well wishes～（3.24 めぐろパーシモンホール） ,aPCguQfPxY0,1463,281
VTR① 夏焼雅・竹内朱莉・小関舞・小片リサ「パン屋さんのアルバイト」 M-line Special 2024 ～Many well wishes～（5.26 横浜Bay Hall） ,Qso4fxLR1iM,156,262
VTR① 竹内朱莉・小関舞・小片リサ「恋人は心の応援団」 M-line Special 2024 ～Many well wishes～（5.26 横浜Bay Hall） ,dNljNZoDaEw,191,254
VTR③ 竹内朱莉・小片リサ「「良い奴」」 M-line Special 2024 ～Many well wishes～（5.26 横浜Bay Hall） ,dNljNZoDaEw,1535,284
VTR① 小関舞・小片リサ・佐藤優樹・Bitter & Sweet「今夜だけ浮かれたかった」 M-line Special 2024 ～Many well wishes～（5.17 新宿ReNY） ,qsPpMg6rOwU,230,233
VTR② Bitter & Sweet「インストール」 M-line Special 2024 ～Many well wishes～（5.17 新宿ReNY） ,qsPpMg6rOwU,856,235
VTR③ 小片リサ・田﨑あさひ「原色GAL 派手に行くべ！」 M-line Special 2024 ～Many well wishes～（5.17 新宿ReNY） ,u31Qyy7ataE,958,264
VTR④ 竹内朱莉「ドッキドキ！LOVEメール」 M-line Special 2024 ～Many well wishes～（5.26 横浜Bay Hall） ,u31Qyy7ataE,1664,275
VTR② 夏焼雅・竹内朱莉・小関舞・小片リサ「一丁目ロック！」 M-line Special 2024 ～Many well wishes～（5.26 横浜Bay Hall） ,Stp8Yi4_usA,902,247
VTR② 小関舞「涙のTomorrow」 M-line Special 2024 ～Many well wishes～（5.17 新宿ReNY） ,MFIcS3V3Hx4,986,221
VTR① 夏焼雅・竹内朱莉・小関舞・小片リサ「バカにしないで」 M-line Special 2024 ～Many well wishes～（5.26 横浜Bay Hall） ,MFIcS3V3Hx4,224,289
VTR① 竹内朱莉・稲場愛香・小関舞・浅倉樹々・佐藤優樹「かっちょ良い歌」 M-line Special 2024 ～Many well wishes～（8.17 めぐろパーシモンホール） ,gDlGp_BDbWs,0,265
VTR② 夏焼雅「恋の呪縛」 M-line Special 2024 ～Many well wishes～（5.26 横浜Bay Hall） ,gDlGp_BDbWs,482,261
VTR① 夏焼雅・小関舞・小片リサ「恋愛♥ライダー」 M-line Special 2024 ～Many well wishes～（5.26 横浜Bay Hall） ,ghKdoiBGYH4,199,239
VTR④ 稲場愛香「Pink Temperature」 M-line Special 2024 ～Many well wishes～（8.17 めぐろパーシモンホール） ,ghKdoiBGYH4,1616,264
VTR③ 浅倉樹々「うらはら」 M-line Special 2024 ～Many well wishes～（8.17 めぐろパーシモンホール） ,yxERLK9mZcA,1437,225
VTR① 佐藤優樹・小片リサ「すっぴん」 M-line Special 2024 ～Many well wishes～（5.17 新宿ReNY） ,yxERLK9mZcA,201,200
VTR③ 小関舞・小片リサ・田﨑あさひ「初恋サイダー」 M-line Special 2024 ～Many well wishes～（5.17 新宿ReNY） ,H5F48gLJmX8,922,215
VTR① 竹内朱莉「好きすぎて バカみたい」 M-line Special 2024 ～Many well wishes～（8.17 めぐろパーシモンホール） ,H5F48gLJmX8,122,294
VTR③ 稲場愛香・小関舞・浅倉樹々「カラダだけが大人になったんじゃない」 M-line Special 2024 ～Many well wishes～（8.17 めぐろパーシモンホール） ,HdhtdnDlqdM,794,264
VTR① 竹内朱莉・佐藤優樹「私、ちょいとカワイイ裏番長」 M-line Special 2024 ～Many well wishes～（8.17 めぐろパーシモンホール） ,HdhtdnDlqdM,160,256
VTR① 竹内朱莉・小関舞・浅倉樹々「Bravo☆Bravo」 M-line Special 2024 ～Many well wishes～（8.17 めぐろパーシモンホール） ,c93dI_KHdvs,225,232
VTR③ 小関舞「お別れのKISS」 M-line Special 2024 ～Many well wishes～（8.17 めぐろパーシモンホール） ,c93dI_KHdvs,1505,243